Method,Silhouette,ARI,NMI,CCC
kMeans + Hierarchical,0.5337789911311258,-0.001856200423337186,0.010553234981314762,0.9622186363865705
SOM + Hierarchical,0.23986909535471276,0.07944575073829876,0.1161416160295223,0.8129312016127586
DBSCAN,-1.0,-1.0,-1.0,
