Method,Silhouette,ARI,NMI,CCC
kMeans + Hierarchical,0.5337725811478155,0.5658856060268795,0.7045737535402854,0.8106278646337322
SOM + Hierarchical,0.686393054320485,0.5681159420289855,0.7336804366512104,0.9114077843552582
DBSCAN,-1.0,-1.0,-1.0,
