Method,ARI,Silhouette,Davies-Bouldin
GSOM+DSM,0.652516389967057,0.4490693691103472,0.841732297533131
K-Means,0.6201351808870379,0.458971786690024,0.8354098493935594
DBSCAN,0.5517553852833211,0.5963181717976388,0.5733858063691408
