Method,ARI,Silhouette,Davies-Bouldin
GSOM,0.6012782714082151,0.4607720916184924,0.827380451293978
GSOM+DSM,0.6012782714082151,0.4607720916184924,0.827380451293978
K-Means,0.6201351808870379,0.458971786690024,0.8354098493935594
DBSCAN,0.5517553852833211,0.5963181717976388,0.5733858063691408
