Method,ARI,Silhouette,Davies-Bouldin
GSOM,0.0,,
GSOM+DSM,0.0,,
K-Means,0.645147003482001,0.4554272193589405,0.8296417771434504
DBSCAN (eps=0.4),0.36550715288152474,0.02733679719024881,3.249768960818833
DBSCAN (eps=0.5),0.4282634768714612,0.34919816564071565,6.160798270187725
DBSCAN (eps=0.6),0.4706267335681117,0.40237828048112473,7.063546681437917
