cluster,w1,w2,w3,w4,w4.1,w5,w6,w7,w8,w9,w10,w11,w12,w13,w14,w15,label
0,0.16666666666666666,0.0,0.5,0.5,0.0,1.0,1.0,1.0,1.0,0.5,0.0,1.0,0.0,0.8333333333333334,0.0,1.0,2.5
4,1.0,0.0,0.0,1.0,0.0,0.07692307692307693,1.0,1.0,1.0,1.0,0.0,0.0,4.0,0.8461538461538461,0.0,1.0,1.0
5,1.0,0.0,0.0,1.0,0.0,0.0,1.0,1.0,1.0,1.0,0.0,0.0,4.0,1.0,0.0,0.0,1.0
6,0.0,0.0,1.0,0.0,0.0,1.0,0.5555555555555556,1.0,1.0,0.0,0.0,1.0,0.0,1.0,0.1111111111111111,0.0,4.0
7,0.38028169014084506,0.28169014084507044,0.6619718309859155,0.323943661971831,0.3380281690140845,0.28169014084507044,0.4225352112676056,0.43661971830985913,0.7464788732394366,0.8732394366197183,0.11267605633802817,0.028169014084507043,3.1971830985915495,0.676056338028169,0.16901408450704225,0.352112676056338,3.0985915492957745
