cluster_id,data_feature_1,data_feature_2,data_feature_3,data_feature_4,data_feature_5,data_feature_6,data_feature_7,data_feature_8,data_feature_9,data_feature_10,data_feature_11,data_feature_12,data_feature_13,data_feature_14,data_feature_15,data_feature_16
0,1.0,0.0,0.0,1.0,0.058823529411764705,0.029411764705882353,0.4411764705882353,1.0,1.0,1.0,0.0,0.0,3.6470588235294117,0.8529411764705882,0.23529411764705882,0.7941176470588235
1,0.14754098360655737,0.2786885245901639,0.8852459016393442,0.11475409836065574,0.36065573770491804,0.5081967213114754,0.5737704918032787,0.4098360655737705,0.7213114754098361,0.6885245901639344,0.09836065573770492,0.2786885245901639,2.442622950819672,0.6885245901639344,0.08196721311475409,0.2459016393442623
2,0.0,0.0,1.0,0.0,0.0,1.0,1.0,0.0,0.0,0.0,0.0,0.0,4.0,0.0,0.0,0.0
4,0.0,0.0,0.0,0.0,0.0,1.0,1.0,1.0,1.0,0.0,1.0,0.0,0.0,1.0,0.0,0.0
6,0.0,1.0,1.0,0.0,0.0,0.3333333333333333,1.0,0.0,1.0,1.0,0.0,0.0,2.0,1.0,0.0,0.6666666666666666
