node1,node2,distance
3,11,20.24853078098844
3,11,20.24853078098844
3,11,20.24853078098844
3,11,20.24853078098844
13,16,20.013606887670967
1,9,19.9014656684605
11,13,13.267265891187753
11,13,13.267265891187753
11,13,13.267265891187753
2,5,13.26279890884915
0,7,6.759045579132149
0,6,4.552563094937625
0,6,4.552563094937625
13,14,3.8534945610478046
1,8,3.7305188461060013
2,4,3.0833686973315406
1,10,1.8358565801588125
13,15,1.4661845228442905
11,12,1.3460320906043246
3,10,0.583711943175903
